{"epoch_loss_train": 1.8845150438955656, "epoch_top1_train": 67.06618138822387, "epoch_top5_train": 83.34577048217892, "epoch_top1_test": 40.995000615119935, "epoch_top5_test": 62.57800112724304, "epoch_timings": 130.23102927207947, "lr": 2.7999824681046448e-12, "epoch": 99, "_runtime": 13077, "_timestamp": 1637010409, "_step": 99, "best_weight_decay": 1e-06, "best_batch_size": 128, "best_init_lr": 5.0, "_wandb": {"runtime": 13076}}