{"epoch_loss_train": 0.017582105868887244, "epoch_top1_train": 99.73184142132607, "epoch_top5_train": 99.90196673196014, "epoch_top1_test": 39.62800065994263, "epoch_top5_test": 60.336001319885256, "epoch_timings": 74.63503003120422, "lr": 4.479416837455119e-11, "epoch": 99, "_runtime": 7488, "_timestamp": 1637004820, "_step": 99, "best_weight_decay": 0.0, "best_batch_size": 256, "best_init_lr": 20.0, "_wandb": {"runtime": 7487}}