{"epoch_loss_train": 3.5299939511562877, "epoch_top1_train": 43.38303354525021, "epoch_top5_train": 62.63220441241586, "epoch_top1_test": 29.331000463962553, "epoch_top5_test": 49.79900092601776, "epoch_timings": 84.50209188461304, "lr": 1.1198542093637798e-11, "epoch": 99, "_runtime": 8542, "_timestamp": 1637005959, "_step": 99, "best_weight_decay": 1e-05, "best_batch_size": 256, "best_init_lr": 5.0, "_wandb": {"runtime": 8541}}