{"epoch_loss_train": 0.01771168011343761, "epoch_top1_train": 99.75145551861422, "epoch_top5_train": 99.89895204148512, "epoch_top1_test": 39.416000611782074, "epoch_top5_test": 60.190001220703124, "epoch_timings": 116.32576107978821, "lr": 1.1199929872418579e-11, "epoch": 99, "_runtime": 11694, "_timestamp": 1637009035, "_step": 99, "best_weight_decay": 0.0, "best_batch_size": 128, "best_init_lr": 20.0, "_wandb": {"runtime": 11692}}