{"epoch_loss_train": 0.13267315626792578, "epoch_top1_train": 100.0, "epoch_top5_train": 100.0, "epoch_top1_test": 37.653766089575875, "epoch_top5_test": 65.40654191990855, "epoch_timings": 0.11821866035461426, "lr": 1.7567825050246455e-06, "epoch": 99, "_runtime": 145, "_timestamp": 1636997330, "_step": 99, "best_weight_decay": 1e-05, "best_batch_size": 128, "best_init_lr": 20.0, "_wandb": {"runtime": 144}}