{"epoch_loss_train": 1.884582782401895, "epoch_top1_train": 67.06644191653342, "epoch_top5_train": 83.34729643609442, "epoch_top1_test": 41.021000690460205, "epoch_top5_test": 62.59400121688843, "epoch_timings": 57.01933264732361, "lr": 1.7917667349820476e-10, "epoch": 99, "_runtime": 5751, "_timestamp": 1637003104, "_step": 99, "best_weight_decay": 1e-06, "best_batch_size": 512, "best_init_lr": 20.0, "_wandb": {"runtime": 5750}}