{"epoch_loss_train": 1.889374107175829, "epoch_top1_train": 66.98951148267348, "epoch_top5_train": 83.33441887036776, "epoch_top1_test": 40.955000762939456, "epoch_top5_test": 62.589001169204714, "epoch_timings": 56.977511405944824, "lr": 4.479416837455119e-11, "epoch": 99, "_runtime": 5711, "_timestamp": 1637003043, "_step": 99, "best_weight_decay": 1e-06, "best_batch_size": 512, "best_init_lr": 5.0, "_wandb": {"runtime": 5710}}