{"epoch_loss_train": 3.5300274437575623, "epoch_top1_train": 43.38433618939621, "epoch_top5_train": 62.63514466616854, "epoch_top1_test": 29.33500052690506, "epoch_top5_test": 49.81400088787079, "epoch_timings": 56.09790277481079, "lr": 4.479416837455119e-11, "epoch": 99, "_runtime": 5655, "_timestamp": 1637003077, "_step": 99, "best_weight_decay": 1e-05, "best_batch_size": 512, "best_init_lr": 5.0, "_wandb": {"runtime": 5655}}