{"epoch_loss_train": 0.6105378784942627, "epoch_top1_train": 87.27599997558593, "epoch_top5_train": 97.76799998291015, "epoch_top1_test": 59.58000087738037, "epoch_top5_test": 86.17000198364258, "epoch_timings": 0.22121667861938477, "lr": 1.284569492443488e-07, "epoch": 99, "_runtime": 977, "_timestamp": 1636998154, "_step": 99, "best_weight_decay": 1e-05, "best_batch_size": 512, "best_init_lr": 5.0, "_wandb": {"runtime": 976}}