{"epoch_loss_train": 5.803381114653043, "epoch_top1_train": 23.98383530400676, "epoch_top5_train": 38.457848113821086, "epoch_top1_test": 12.643000226318836, "epoch_top5_test": 26.733000574111937, "epoch_timings": 59.3223762512207, "lr": 4.479416837455119e-11, "epoch": 99, "_runtime": 5981, "_timestamp": 1637003787, "_step": 99, "best_weight_decay": 0.0001, "best_batch_size": 512, "best_init_lr": 5.0, "_wandb": {"runtime": 5980}}