{"epoch_loss_train": 5.804316155461471, "epoch_top1_train": 23.976614934367618, "epoch_top5_train": 38.442179167224204, "epoch_top1_test": 12.633000260293484, "epoch_top5_test": 26.7260005068779, "epoch_timings": 138.9622459411621, "lr": 2.7999824681046448e-12, "epoch": 99, "_runtime": 13880, "_timestamp": 1637011599, "_step": 99, "best_weight_decay": 0.0001, "best_batch_size": 128, "best_init_lr": 5.0, "_wandb": {"runtime": 13880}}