{"epoch_loss_train": 0.2380048550650741, "epoch_top1_train": 99.87721021611002, "epoch_top5_train": 100.0, "epoch_top1_test": 22.260913165495356, "epoch_top5_test": 45.34261993115969, "epoch_timings": 0.12424111366271973, "lr": 1.204785669006725e-06, "epoch": 99, "_runtime": 171, "_timestamp": 1636998656, "_step": 99, "best_weight_decay": 1e-05, "best_batch_size": 128, "best_init_lr": 20.0, "_wandb": {"runtime": 171}}