{"epoch_loss_train": 0.05494765001966562, "epoch_top1_train": 99.47555551246528, "epoch_top5_train": 99.80802748763601, "epoch_top1_test": 39.96200063228607, "epoch_top5_test": 61.01600119590759, "epoch_timings": 53.683101654052734, "lr": 1.7917667349820476e-10, "epoch": 99, "_runtime": 5374, "_timestamp": 1637002706, "_step": 99, "best_weight_decay": 0.0, "best_batch_size": 512, "best_init_lr": 20.0, "_wandb": {"runtime": 5374}}