{"epoch_loss_train": 1.8781339434680973, "epoch_top1_train": 67.12632632426272, "epoch_top5_train": 83.34286744690951, "epoch_top1_test": 41.08600051403046, "epoch_top5_test": 62.6690010547638, "epoch_timings": 136.46209955215454, "lr": 1.1199929872418579e-11, "epoch": 99, "_runtime": 13640, "_timestamp": 1637010902, "_step": 99, "best_weight_decay": 1e-06, "best_batch_size": 128, "best_init_lr": 20.0, "_wandb": {"runtime": 13639}}