{"epoch_loss_train": 0.060063730178202504, "epoch_top1_train": 99.96926386967881, "epoch_top5_train": 100.0, "epoch_top1_test": 95.06540060326829, "epoch_top5_test": 99.28656437677662, "epoch_timings": 0.07733893394470215, "lr": 1.8972710669196147e-06, "epoch": 99, "_runtime": 143, "_timestamp": 1636997325, "_step": 99, "best_weight_decay": 0.0001, "best_batch_size": 128, "best_init_lr": 20.0, "_wandb": {"runtime": 146}}