{"epoch_loss_train": 0.20612558174997142, "epoch_top1_train": 100.0, "epoch_top5_train": 100.0, "epoch_top1_test": 23.188406270086436, "epoch_top5_test": 48.154915177294136, "epoch_timings": 0.40088462829589844, "lr": 1.4111933954730205e-07, "epoch": 99, "_runtime": 529, "_timestamp": 1636997714, "_step": 99, "best_weight_decay": 1e-05, "best_batch_size": 128, "best_init_lr": 20.0, "_wandb": {"runtime": 528}}