{"epoch_loss_train": 3.530096991397497, "epoch_top1_train": 43.37358007140215, "epoch_top5_train": 62.62662165246432, "epoch_top1_test": 29.34800049304962, "epoch_top5_test": 49.7790008354187, "epoch_timings": 57.182411909103394, "lr": 1.7917667349820476e-10, "epoch": 99, "_runtime": 5751, "_timestamp": 1637003227, "_step": 99, "best_weight_decay": 1e-05, "best_batch_size": 512, "best_init_lr": 20.0, "_wandb": {"runtime": 5751}}