{"epoch_loss_train": 0.8062423085458208, "epoch_top1_train": 81.95907590980656, "epoch_top5_train": 94.71947194477748, "epoch_top1_test": 65.1009913151807, "epoch_top5_test": 86.87128856394551, "epoch_timings": 0.9023892879486084, "lr": 1.4080767662960625e-08, "epoch": 99, "_runtime": 1523, "_timestamp": 1636998708, "_step": 99, "best_weight_decay": 1e-05, "best_batch_size": 128, "best_init_lr": 20.0, "_wandb": {"runtime": 1522}}