{"epoch_loss_train": 5.804265975641396, "epoch_top1_train": 23.957894078561136, "epoch_top5_train": 38.424016587543775, "epoch_top1_test": 12.599000249803066, "epoch_top5_test": 26.732000470161438, "epoch_timings": 60.59526014328003, "lr": 1.7917667349820476e-10, "epoch": 99, "_runtime": 6071, "_timestamp": 1637004330, "_step": 99, "best_weight_decay": 0.0001, "best_batch_size": 512, "best_init_lr": 20.0, "_wandb": {"runtime": 6072}}