{"epoch_loss_train": 5.803716009272204, "epoch_top1_train": 23.976391623929405, "epoch_top5_train": 38.45386574501141, "epoch_top1_test": 12.594000219404698, "epoch_top5_test": 26.72200040102005, "epoch_timings": 81.7537670135498, "lr": 1.1198542093637798e-11, "epoch": 99, "_runtime": 8248, "_timestamp": 1637005993, "_step": 99, "best_weight_decay": 0.0001, "best_batch_size": 256, "best_init_lr": 5.0, "_wandb": {"runtime": 8249}}