{"epoch_loss_train": 3.53160618409671, "epoch_top1_train": 43.3181618725805, "epoch_top5_train": 62.571873384555516, "epoch_top1_test": 29.337000591754915, "epoch_top5_test": 49.80200091361999, "epoch_timings": 129.1879267692566, "lr": 1.1199929872418579e-11, "epoch": 99, "_runtime": 13000, "_timestamp": 1637010430, "_step": 99, "best_weight_decay": 1e-05, "best_batch_size": 128, "best_init_lr": 20.0, "_wandb": {"runtime": 13001}}