{"epoch_loss_train": 1.8815483691200408, "epoch_top1_train": 67.10258098447176, "epoch_top5_train": 83.34647763208046, "epoch_top1_test": 41.04300064086914, "epoch_top5_test": 62.629000959396365, "epoch_timings": 83.3927595615387, "lr": 4.479416837455119e-11, "epoch": 99, "_runtime": 8368, "_timestamp": 1637005700, "_step": 99, "best_weight_decay": 1e-06, "best_batch_size": 256, "best_init_lr": 20.0, "_wandb": {"runtime": 8365}}