{"epoch_loss_train": 3.5305100510782674, "epoch_top1_train": 43.36006979191986, "epoch_top5_train": 62.60455114042398, "epoch_top1_test": 29.37800053358078, "epoch_top5_test": 49.78100082874298, "epoch_timings": 83.1464331150055, "lr": 4.479416837455119e-11, "epoch": 99, "_runtime": 8314, "_timestamp": 1637005745, "_step": 99, "best_weight_decay": 1e-05, "best_batch_size": 256, "best_init_lr": 20.0, "_wandb": {"runtime": 8314}}