{"epoch_loss_train": 0.6849791044521332, "epoch_top1_train": 78.828, "epoch_top5_train": 98.81, "epoch_top1_test": 75.05000152587891, "epoch_top5_test": 98.29000244140624, "epoch_timings": 0.6045176982879639, "lr": 8.069678814059955e-09, "epoch": 99, "_runtime": 1042, "_timestamp": 1636998219, "_step": 99, "best_weight_decay": 0.001, "best_batch_size": 128, "best_init_lr": 5.0, "_wandb": {"runtime": 1042}}