{"epoch_loss_train": 3.5301264394179586, "epoch_top1_train": 43.368443932131115, "epoch_top5_train": 62.62237875450317, "epoch_top1_test": 29.30100053548813, "epoch_top5_test": 49.80800077915192, "epoch_timings": 136.75810980796814, "lr": 2.7999824681046448e-12, "epoch": 99, "_runtime": 13654, "_timestamp": 1637011025, "_step": 99, "best_weight_decay": 1e-05, "best_batch_size": 128, "best_init_lr": 5.0, "_wandb": {"runtime": 13653}}