{"epoch_loss_train": 5.80538957924369, "epoch_top1_train": 23.943602212723988, "epoch_top5_train": 38.41240444648317, "epoch_top1_test": 12.630000193119049, "epoch_top5_test": 26.73500046491623, "epoch_timings": 81.19693446159363, "lr": 4.479416837455119e-11, "epoch": 99, "_runtime": 8149, "_timestamp": 1637006339, "_step": 99, "best_weight_decay": 0.0001, "best_batch_size": 256, "best_init_lr": 20.0, "_wandb": {"runtime": 8149}}