{"epoch_loss_train": 0.055766278705886, "epoch_top1_train": 100.0, "epoch_top5_train": 100.0, "epoch_top1_test": 31.20469520813768, "epoch_top5_test": 59.59613494030311, "epoch_timings": 0.07229232788085938, "lr": 6.6722579517009e-07, "epoch": 99, "_runtime": 122, "_timestamp": 1636997307, "_step": 99, "best_weight_decay": 1e-05, "best_batch_size": 128, "best_init_lr": 5.0, "_wandb": {"runtime": 121}}