{"epoch_loss_train": 1.88714083893511, "epoch_top1_train": 67.02200314639818, "epoch_top5_train": 83.34338850473544, "epoch_top1_test": 40.932000684738156, "epoch_top5_test": 62.612001161575314, "epoch_timings": 80.93136787414551, "lr": 1.1198542093637798e-11, "epoch": 99, "_runtime": 8131, "_timestamp": 1637005463, "_step": 99, "best_weight_decay": 1e-06, "best_batch_size": 256, "best_init_lr": 5.0, "_wandb": {"runtime": 8130}}