{"epoch_loss_train": 0.007579534786746343, "epoch_top1_train": 100.0, "epoch_top5_train": 100.0, "epoch_top1_test": 95.65992970869175, "epoch_top5_test": 99.46492528745308, "epoch_timings": 0.07842516899108887, "lr": 1.8972710669196147e-06, "epoch": 99, "_runtime": 141, "_timestamp": 1636996992, "_step": 99, "best_weight_decay": 1e-05, "best_batch_size": 128, "best_init_lr": 20.0, "_wandb": {"runtime": 142}}