{"epoch_loss_train": 0.06807385141607507, "epoch_top1_train": 99.76209357652657, "epoch_top5_train": 100.0, "epoch_top1_test": 94.3396217778044, "epoch_top5_test": 100.0, "epoch_timings": 0.020789384841918945, "lr": 4.934798141786878e-05, "epoch": 99, "_runtime": 34, "_timestamp": 1636998519, "_step": 99, "best_weight_decay": 0.001, "best_batch_size": 128, "best_init_lr": 20.0, "_wandb": {"runtime": 34}}