{"epoch_loss_train": 0.11522104841470718, "epoch_top1_train": 99.89166666666667, "epoch_top5_train": 100.0, "epoch_top1_test": 39.72028037606975, "epoch_top5_test": 68.96270569665727, "epoch_timings": 0.11090087890625, "lr": 2.2339529270887226e-06, "epoch": 99, "_runtime": 256, "_timestamp": 1636997433, "_step": 99, "best_weight_decay": 1e-05, "best_batch_size": 256, "best_init_lr": 20.0, "_wandb": {"runtime": 255}}