{"epoch_loss_train": 0.16364479192254783, "epoch_top1_train": 98.52108962086386, "epoch_top5_train": 99.45076805753071, "epoch_top1_test": 40.54100075244904, "epoch_top5_test": 61.80600115776062, "epoch_timings": 75.33201169967651, "lr": 1.1198542093637798e-11, "epoch": 99, "_runtime": 7585, "_timestamp": 1637004933, "_step": 99, "best_weight_decay": 0.0, "best_batch_size": 256, "best_init_lr": 5.0, "_wandb": {"runtime": 7585}}