{"epoch_loss_train": 0.054227055457524154, "epoch_top1_train": 99.47187089085593, "epoch_top5_train": 99.80754364881015, "epoch_top1_test": 39.960000619888305, "epoch_top5_test": 60.98600091934204, "epoch_timings": 124.86572480201721, "lr": 2.7999824681046448e-12, "epoch": 99, "_runtime": 12592, "_timestamp": 1637009854, "_step": 99, "best_weight_decay": 0.0, "best_batch_size": 128, "best_init_lr": 5.0, "_wandb": {"runtime": 12590}}