{"epoch_loss_train": 0.08425072342602175, "epoch_top1_train": 99.96268656716418, "epoch_top5_train": 100.0, "epoch_top1_test": 55.00000068322936, "epoch_top5_test": 83.88059832444831, "epoch_timings": 0.06507539749145508, "lr": 6.993766965557313e-07, "epoch": 99, "_runtime": 116, "_timestamp": 1636997290, "_step": 99, "best_weight_decay": 1e-05, "best_batch_size": 128, "best_init_lr": 5.0, "_wandb": {"runtime": 116}}