{"epoch_loss_train": 5.807100106561521, "epoch_top1_train": 23.85751605135734, "epoch_top5_train": 38.31321740790031, "epoch_top1_test": 12.579000208377838, "epoch_top5_test": 26.7540004491806, "epoch_timings": 137.29663729667664, "lr": 1.1199929872418579e-11, "epoch": 99, "_runtime": 13564, "_timestamp": 1637011669, "_step": 99, "best_weight_decay": 0.0001, "best_batch_size": 128, "best_init_lr": 20.0, "_wandb": {"runtime": 13564}}