{"epoch_loss_train": 0.3422141807933461, "epoch_top1_train": 96.0975762254177, "epoch_top5_train": 98.55957344710363, "epoch_top1_test": 41.251000638008115, "epoch_top5_test": 62.744001169204715, "epoch_timings": 53.773096561431885, "lr": 4.479416837455119e-11, "epoch": 99, "_runtime": 5438, "_timestamp": 1637002776, "_step": 99, "best_weight_decay": 0.0, "best_batch_size": 512, "best_init_lr": 5.0, "_wandb": {"runtime": 5436}}